GlobalRank,TldRank,Domain,TLD,RefSubNets,RefIPs,IDN_Domain,IDN_TLD,PrevGlobalRank,PrevTldRank,PrevRefSubNets,PrevRefIPs
1,1,facebook.com,com,495534,2574302,facebook.com,com,1,1,495537,2574589
2,2,google.com,com,495485,2414391,google.com,com,2,2,495477,2414170
3,3,youtube.com,com,445919,2083475,youtube.com,com,3,3,445919,2083701
4,4,twitter.com,com,439810,2062284,twitter.com,com,4,4,439852,2062284
5,5,instagram.com,com,381749,1762636,instagram.com,com,5,5,381892,1763288
6,6,linkedin.com,com,356825,1469838,linkedin.com,com,6,6,356846,1469990
7,7,apple.com,com,283297,910152,apple.com,com,7,7,283516,909746
8,8,microsoft.com,com,279504,826126,microsoft.com,com,8,8,279622,825555
9,1,wikipedia.org,org,270901,962015,wikipedia.org,org,9,1,270979,962302
10,9,googletagmanager.com,com,266431,922171,googletagmanager.com,com,10,9,266541,922018
11,2,wordpress.org,org,258553,1068154,wordpress.org,org,11,2,258878,1069363
12,1,youtu.be,be,236910,787300,youtu.be,be,12,1,237029,787374
13,3,en.wikipedia.org,org,225138,714623,en.wikipedia.org,org,13,3,225312,714782
14,10,pinterest.com,com,222034,866356,pinterest.com,com,14,10,222298,867066
15,11,play.google.com,com,216468,611262,play.google.com,com,15,11,216653,610866
16,12,github.com,com,213354,533308,github.com,com,16,12,213406,533076
17,13,vimeo.com,com,206614,712864,vimeo.com,com,17,13,206829,712913
18,14,maps.google.com,com,202630,707323,maps.google.com,com,18,14,202768,707332
19,1,goo.gl,gl,201285,658321,goo.gl,gl,19,1,201263,658042
20,15,plus.google.com,com,193071,678699,plus.google.com,com,20,15,193110,678303
21,1,bit.ly,ly,187879,563191,bit.ly,ly,21,1,188069,563209
22,16,docs.google.com,com,183977,538517,docs.google.com,com,22,16,184257,538575
23,17,adobe.com,com,180743,496514,adobe.com,com,23,17,180853,496159
24,18,wordpress.com,com,179080,563162,wordpress.com,com,24,18,179258,563375
25,19,amazon.com,com,173131,514002,amazon.com,com,25,19,173191,513653
26,20,blogspot.com,com,171684,529659,blogspot.com,com,26,20,171770,529508
27,4,mozilla.org,org,163512,455973,mozilla.org,org,27,4,163494,455354
28,21,itunes.apple.com,com,161630,402915,itunes.apple.com,com,28,21,161823,402328
29,22,apps.apple.com,com,160634,388067,apps.apple.com,com,29,22,160700,387530
30,23,drive.google.com,com,153574,421424,drive.google.com,com,30,23,153691,421063
31,24,whatsapp.com,com,152469,532838,whatsapp.com,com,31,24,152394,532467
32,25,macromedia.com,com,151986,417005,macromedia.com,com,32,25,152050,417099
33,26,yahoo.com,com,143924,373801,yahoo.com,com,33,26,144010,373259
34,1,europa.eu,eu,139757,448642,europa.eu,eu,34,1,139984,448572
35,27,tumblr.com,com,137747,435530,tumblr.com,com,35,27,137890,435642
36,28,api.whatsapp.com,com,136015,467587,api.whatsapp.com,com,36,28,135926,467118
37,29,download.macromedia.com,com,132687,354952,download.macromedia.com,com,37,29,132780,355097
38,30,reddit.com,com,126068,380612,reddit.com,com,38,30,126261,380792
39,31,qq.com,com,125687,758974,qq.com,com,39,31,125709,759123
40,32,policies.google.com,com,124297,407708,policies.google.com,com,40,32,124559,407946
41,33,flickr.com,com,123989,342650,flickr.com,com,41,33,124071,342284
42,34,gravatar.com,com,123536,424891,gravatar.com,com,42,34,123643,424867
43,1,nih.gov,gov,123236,326590,nih.gov,gov,43,1,123533,326200
44,35,amazonaws.com,com,119445,269486,amazonaws.com,com,44,35,119791,269471
45,5,apache.org,org,118760,225744,apache.org,org,45,5,118742,225484
46,36,nytimes.com,com,118380,318652,nytimes.com,com,46,36,118588,318493
47,1,github.io,io,118167,255551,github.io,io,47,1,118346,255382
48,37,sites.google.com,com,115881,280919,sites.google.com,com,48,37,116084,280965
49,1,miit.gov.cn,cn,114253,902185,miit.gov.cn,cn,49,1,114375,901864
50,1,forms.gle,gle,111608,275440,forms.gle,gle,52,1,111746,275144
51,38,soundcloud.com,com,111540,318966,soundcloud.com,com,51,39,111792,318971
52,39,medium.com,com,111507,277544,medium.com,com,53,40,111589,277249
53,6,w3.org,org,110452,235463,w3.org,org,54,6,110496,235051
54,1,t.co,co,110062,316235,t.co,co,55,1,110315,316228
55,2,ec.europa.eu,eu,109809,340254,ec.europa.eu,eu,57,2,109881,339979
56,40,cloudflare.com,com,109806,305411,cloudflare.com,com,50,38,111848,310794
57,41,forbes.com,com,109632,281138,forbes.com,com,56,41,109903,280965
58,42,spotify.com,com,109203,306568,spotify.com,com,58,42,109433,306281
59,2,beian.miit.gov.cn,cn,109184,825762,beian.miit.gov.cn,cn,59,2,109261,825367
60,1,t.me,me,109090,343850,t.me,me,60,1,109131,343989
61,43,baidu.com,com,107931,563999,baidu.com,com,61,43,107942,563881
62,2,wa.me,me,107815,349912,wa.me,me,62,2,107912,349590
63,44,tiktok.com,com,105720,290936,tiktok.com,com,63,44,105998,290632
64,1,zoom.us,us,105589,249746,zoom.us,us,64,1,105605,249068
65,7,archive.org,org,105117,267637,archive.org,org,65,7,105305,267440
66,2,www.ncbi.nlm.nih.gov,gov,103863,263270,www.ncbi.nlm.nih.gov,gov,66,2,104196,262954
67,8,creativecommons.org,org,102690,234544,creativecommons.org,org,67,8,102851,234448
68,45,theguardian.com,com,102657,267806,theguardian.com,com,68,45,102811,267561
69,46,open.spotify.com,com,99969,275710,open.spotify.com,com,69,46,100214,275306
70,47,office.com,com,99568,236225,office.com,com,70,47,99484,235457
71,1,sourceforge.net,net,99389,198072,sourceforge.net,net,71,1,99428,197884
72,48,cnn.com,com,98841,248832,cnn.com,com,72,48,99061,248535
73,49,dropbox.com,com,96189,226302,dropbox.com,com,73,49,96292,225963
74,1,who.int,int,94571,219236,who.int,int,74,1,94730,219028
75,50,wixsite.com,com,94502,233321,wixsite.com,com,75,50,94560,233351
76,51,paypal.com,com,93392,258477,paypal.com,com,76,51,93488,258181
77,9,nginx.org,org,92937,183912,nginx.org,org,78,9,92897,183439
78,1,bbc.co.uk,uk,92697,234085,bbc.co.uk,uk,77,1,92912,233827
79,52,vk.com,com,92348,303679,vk.com,com,87,58,88328,290291
80,53,sciencedirect.com,com,90495,215891,sciencedirect.com,com,79,52,90604,215477
81,54,issuu.com,com,90045,212563,issuu.com,com,80,53,90217,212281
82,55,nginx.com,com,89805,177149,nginx.com,com,81,54,89772,176732
83,10,httpd.apache.org,org,89247,159255,httpd.apache.org,org,82,10,89237,159167
84,56,live.com,com,88950,212422,live.com,com,85,56,88643,211080
85,57,weebly.com,com,88904,211534,weebly.com,com,83,55,89075,211485
86,58,bbc.com,com,88505,218312,bbc.com,com,86,57,88398,217663
87,3,cdc.gov,gov,88504,221849,cdc.gov,gov,84,3,88759,221338
88,11,web.archive.org,org,87790,211894,web.archive.org,org,88,11,87986,211650
89,59,tinyurl.com,com,86428,202852,tinyurl.com,com,89,59,86513,202551
90,60,opera.com,com,85902,216247,opera.com,com,90,60,86121,216202
91,61,reuters.com,com,84783,202137,reuters.com,com,93,63,84904,201924
92,62,oracle.com,com,84385,158980,oracle.com,com,92,62,85236,160572
93,63,accounts.google.com,com,84117,182999,accounts.google.com,com,91,61,85667,187788
94,64,youtube-nocookie.com,com,83881,205866,youtube-nocookie.com,com,94,64,83945,205789
95,65,washingtonpost.com,com,83747,207319,washingtonpost.com,com,95,65,83944,207144
96,12,doi.org,org,83699,188522,doi.org,org,96,12,83822,188300
97,66,imdb.com,com,83019,217221,imdb.com,com,97,66,83218,217187
98,1,harvard.edu,edu,82465,191894,harvard.edu,edu,98,1,82668,191796
99,2,mit.edu,edu,82210,173722,mit.edu,edu,99,2,82384,173466
100,67,bloomberg.com,com,81847,191367,bloomberg.com,com,100,67,82069,191061
101,2,php.net,net,81440,155523,php.net,net,101,2,81476,155516
102,68,bing.com,com,81364,182151,bing.com,com,102,68,81337,181803
103,69,weibo.com,com,80788,255335,weibo.com,com,104,69,80769,255334
104,13,wikimedia.org,org,80676,190949,wikimedia.org,org,103,13,80814,190758
105,70,wsj.com,com,79845,189482,wsj.com,com,105,70,80062,189146
106,71,wiley.com,com,79459,178857,wiley.com,com,106,71,79530,178523
107,14,un.org,org,78453,170773,un.org,org,107,14,78576,170589
108,72,nature.com,com,78291,175899,nature.com,com,108,72,78444,175634
109,15,gnu.org,org,77620,147497,gnu.org,org,109,15,77314,146385
110,3,researchgate.net,net,76863,174385,researchgate.net,net,110,3,76972,174241
111,73,businessinsider.com,com,76623,182127,businessinsider.com,com,111,73,76703,181569
112,74,msn.com,com,76409,170523,msn.com,com,112,74,76522,170219
113,3,stanford.edu,edu,75942,164221,stanford.edu,edu,113,3,76104,164026
114,75,wpa.qq.com,com,75471,410437,wpa.qq.com,com,114,75,75465,410145
115,76,ibm.com,com,74174,144689,ibm.com,com,115,76,74181,144327
116,77,springer.com,com,73987,161384,springer.com,com,116,77,74073,161334
117,78,list-manage.com,com,73382,174133,list-manage.com,com,117,78,73543,174029
118,79,wp.com,com,72529,223391,wp.com,com,118,79,72664,223442
119,80,outlook.com,com,71543,151789,outlook.com,com,119,80,71736,151406
120,4,nasa.gov,gov,70430,151604,nasa.gov,gov,120,4,70529,151307
121,4,slideshare.net,net,70242,147955,slideshare.net,net,121,4,70340,147760
122,81,cnbc.com,com,69985,164020,cnbc.com,com,123,82,70190,163714
123,82,shopify.com,com,69757,155442,shopify.com,com,122,81,70256,155960
124,83,go.com,com,69210,164066,go.com,com,124,83,69404,163892
125,84,eventbrite.com,com,69114,160015,eventbrite.com,com,125,84,69279,159693
126,1,g.page,page,68767,175313,g.page,page,126,1,68922,175078
127,2,www.gov.uk,uk,68712,166695,www.gov.uk,uk,131,3,68670,165941
128,3,dailymail.co.uk,uk,68672,166808,dailymail.co.uk,uk,129,2,68833,166583
129,85,wix.com,com,68664,148465,wix.com,com,127,85,68870,148558
130,86,time.com,com,68609,160646,time.com,com,128,86,68850,160455
131,5,cpanel.net,net,68599,229015,cpanel.net,net,130,5,68680,229053
132,87,mp.weixin.qq.com,com,68469,236958,mp.weixin.qq.com,com,132,87,68547,237344
133,88,usatoday.com,com,67463,160568,usatoday.com,com,133,88,67666,160261
134,4,telegraph.co.uk,uk,67128,158004,telegraph.co.uk,uk,134,4,67339,157889
135,16,npr.org,org,66959,162988,npr.org,org,135,16,67219,162893
136,89,cnet.com,com,66105,147682,cnet.com,com,137,90,66151,147355
137,3,beian.gov.cn,cn,66081,257487,beian.gov.cn,cn,138,3,66087,257369
138,90,windows.microsoft.com,com,66020,151538,windows.microsoft.com,com,136,89,66155,151132
139,91,ted.com,com,65416,145284,ted.com,com,139,91,65518,145173
140,6,cloudfront.net,net,65153,134050,cloudfront.net,net,140,6,65356,134013
141,1,amzn.to,to,64831,198552,amzn.to,to,141,1,65025,198522
142,92,statista.com,com,64730,147926,statista.com,com,142,92,64902,147731
143,93,wired.com,com,64462,143536,wired.com,com,143,93,64600,143247
144,94,unsplash.com,com,64186,156084,unsplash.com,com,144,94,64317,155941
145,95,addtoany.com,com,64084,165066,addtoany.com,com,145,95,64261,164941
146,96,blogger.com,com,63838,156811,blogger.com,com,146,96,64096,156833
147,97,ebay.com,com,63500,147497,ebay.com,com,147,97,63654,147429
148,98,surveymonkey.com,com,62749,124592,surveymonkey.com,com,148,98,62877,124344
149,1,linktr.ee,ee,62477,143909,linktr.ee,ee,149,1,62628,143870
150,99,i0.wp.com,com,62360,190551,i0.wp.com,com,150,99,62511,190456
151,100,webmd.com,com,62350,159074,webmd.com,com,151,100,62507,158661
152,101,mysql.com,com,62137,108157,mysql.com,com,152,101,62181,108107
153,102,hp.com,com,61975,115053,hp.com,com,156,104,61962,114771
154,5,loc.gov,gov,61851,120895,loc.gov,gov,153,5,62118,121017
155,103,aol.com,com,61725,122578,aol.com,com,158,105,61768,122462
156,104,googleusercontent.com,com,61723,144587,googleusercontent.com,com,154,102,62001,144777
157,105,bp.blogspot.com,com,61705,150887,bp.blogspot.com,com,155,103,61987,151258
158,6,pubmed.ncbi.nlm.nih.gov,gov,61609,140611,pubmed.ncbi.nlm.nih.gov,gov,157,6,61856,140418
159,106,etsy.com,com,61037,155737,etsy.com,com,159,106,61180,155505
160,107,myspace.com,com,60615,138081,myspace.com,com,160,107,60719,137933
161,4,berkeley.edu,edu,60475,125682,berkeley.edu,edu,161,4,60643,125548
162,1,gc.ca,ca,60411,131221,gc.ca,ca,162,1,60544,131140
163,17,validator.w3.org,org,60118,115694,validator.w3.org,org,163,17,60175,115647
164,5,independent.co.uk,uk,59981,139867,independent.co.uk,uk,164,5,60103,139633
165,108,techcrunch.com,com,59770,131208,techcrunch.com,com,165,108,59901,130884
166,7,behance.net,net,59621,142834,behance.net,net,166,7,59760,142746
167,109,ft.com,com,58882,129165,ft.com,com,167,109,59061,128968
168,1,aboutads.info,info,58829,155860,aboutads.info,info,168,1,58957,155636
169,18,ietf.org,org,58658,100345,ietf.org,org,169,18,58672,100253
170,19,debian.org,org,58634,97553,debian.org,org,170,19,58651,97505
171,110,huffingtonpost.com,com,58110,134572,huffingtonpost.com,com,171,110,58293,134401
172,6,amazon.co.uk,uk,58088,143546,amazon.co.uk,uk,172,6,58157,143229
173,111,cbsnews.com,com,57976,135711,cbsnews.com,com,173,111,58111,135176
174,3,telegram.me,me,57610,169833,telegram.me,me,176,3,57691,169723
175,5,cornell.edu,edu,57595,123946,cornell.edu,edu,178,5,57661,123745
176,1,twitch.tv,tv,57565,132652,twitch.tv,tv,175,1,57729,132431
177,112,imgur.com,com,57551,129303,imgur.com,com,174,112,57755,129260
178,113,sedo.com,com,57510,119383,sedo.com,com,177,113,57668,119357
179,114,prnewswire.com,com,57281,124681,prnewswire.com,com,180,115,57398,124395
180,115,oup.com,com,57247,121337,oup.com,com,181,116,57396,121086
181,116,latimes.com,com,57209,134031,latimes.com,com,179,114,57409,133703
182,6,washington.edu,edu,56986,107470,washington.edu,edu,182,6,57074,107338
183,7,ca.gov,gov,56594,132162,ca.gov,gov,183,7,56795,131841
184,117,yelp.com,com,56323,150504,yelp.com,com,184,117,56435,150053
185,118,stackoverflow.com,com,56174,106599,stackoverflow.com,com,186,119,56171,106372
186,119,theverge.com,com,56141,124088,theverge.com,com,185,118,56259,123687
187,4,sina.com.cn,cn,55982,150415,sina.com.cn,cn,188,4,55947,150382
188,120,tandfonline.com,com,55840,116982,tandfonline.com,com,189,121,55909,116742
189,121,myshopify.com,com,55804,122521,myshopify.com,com,187,120,56089,122692
190,8,themeforest.net,net,55781,144089,themeforest.net,net,190,8,55899,144332
191,1,free.fr,fr,55422,115131,free.fr,fr,191,1,55580,115023
192,122,dailymotion.com,com,55268,131064,dailymotion.com,com,192,122,55406,131082
193,9,launchpad.net,net,54894,84503,launchpad.net,net,194,9,54880,84422
194,8,fda.gov,gov,54795,119415,fda.gov,gov,195,8,54833,119193
195,123,mailchimp.com,com,54751,126459,mailchimp.com,com,193,123,54896,126337
196,124,theatlantic.com,com,54607,123764,theatlantic.com,com,196,124,54718,123464
197,125,nationalgeographic.com,com,54320,117562,nationalgeographic.com,com,197,125,54477,117252
198,4,line.me,me,54177,160307,line.me,me,198,4,54249,160109
199,126,goodreads.com,com,54118,126955,goodreads.com,com,199,126,54247,126751
200,127,squarespace.com,com,54073,118035,squarespace.com,com,200,127,54239,117792
201,7,princeton.edu,edu,53583,100488,princeton.edu,edu,201,7,53647,100351
202,20,fr.wikipedia.org,org,53551,119964,fr.wikipedia.org,org,202,20,53616,119788
203,128,tripadvisor.com,com,53517,125137,tripadvisor.com,com,204,129,53570,124940
204,129,hubspot.com,com,53364,114909,hubspot.com,com,203,128,53591,114660
205,130,hugedomains.com,com,53058,95301,hugedomains.com,com,206,130,53011,95273
206,1,google.de,de,53010,170884,google.de,de,205,1,53120,170690
207,21,hbr.org,org,52850,111611,hbr.org,org,207,21,52933,111097
208,131,samsung.com,com,52759,107731,samsung.com,com,208,131,52825,107361
209,132,sagepub.com,com,52672,110019,sagepub.com,com,210,132,52722,109834
210,22,networkadvertising.org,org,52634,123524,networkadvertising.org,org,209,22,52726,123319
211,133,huffpost.com,com,52422,121313,huffpost.com,com,211,133,52677,121176
212,1,mailchi.mp,mp,52343,112119,mailchi.mp,mp,212,1,52510,111980
213,134,statcounter.com,com,52211,126766,statcounter.com,com,214,135,52296,126560
214,135,britannica.com,com,52193,121715,britannica.com,com,213,134,52389,121473
215,23,allaboutcookies.org,org,52148,120176,allaboutcookies.org,org,216,23,52155,119832
216,136,nbcnews.com,com,52094,120040,nbcnews.com,com,215,136,52271,119733
217,137,outlook.live.com,com,52082,120863,outlook.live.com,com,219,138,51837,119792
218,24,unesco.org,org,52040,104061,unesco.org,org,217,24,52144,103915
219,138,kickstarter.com,com,51955,114804,kickstarter.com,com,218,137,51989,114545
220,1,business.site,site,51753,114597,business.site,site,220,1,51831,114438
221,1,discord.gg,gg,51297,114085,discord.gg,gg,221,1,51453,113893
222,139,pixabay.com,com,51145,120484,pixabay.com,com,224,140,51230,120110
223,140,investopedia.com,com,51118,120739,investopedia.com,com,223,139,51243,120480
224,7,google.co.uk,uk,51087,121394,google.co.uk,uk,222,7,51278,121300
225,141,scribd.com,com,51031,111449,scribd.com,com,225,141,51229,111272
226,142,quora.com,com,50898,117400,quora.com,com,226,142,50997,117308
227,143,fb.com,com,50876,111077,fb.com,com,227,143,50990,111026
228,9,whitehouse.gov,gov,50866,109351,whitehouse.gov,gov,228,9,50967,109072
229,144,youku.com,com,50837,143235,youku.com,com,229,144,50872,143071
230,145,skype.com,com,50749,110433,skype.com,com,230,145,50777,110291
231,146,netflix.com,com,50488,118822,netflix.com,com,234,148,50558,118553
232,147,bandcamp.com,com,50477,118974,bandcamp.com,com,236,149,50498,118816
233,25,iso.org,org,50469,84714,iso.org,org,233,25,50560,84630
234,148,livejournal.com,com,50419,111345,livejournal.com,com,237,150,50450,111354
235,149,bitly.com,com,50418,102277,bitly.com,com,231,146,50641,102538
236,10,usda.gov,gov,50411,112293,usda.gov,gov,235,10,50527,112226
237,150,marriott.com,com,50408,101664,marriott.com,com,232,147,50608,101714
238,151,businesswire.com,com,50038,104553,businesswire.com,com,239,152,50122,104386
239,152,healthline.com,com,50016,126323,healthline.com,com,238,151,50178,126044
240,153,163.com,com,50008,123187,163.com,com,240,153,50042,123316
241,154,calendly.com,com,49946,113811,calendly.com,com,241,154,50028,113537
242,11,epa.gov,gov,49828,108392,epa.gov,gov,242,11,49952,108285
243,5,fb.me,me,49819,101672,fb.me,me,243,5,49938,101526
244,155,taobao.com,com,49770,114759,taobao.com,com,244,155,49803,114733
245,156,redhat.com,com,49765,82264,redhat.com,com,245,156,49748,82018
246,157,usnews.com,com,49077,111572,usnews.com,com,246,157,49247,111285
247,26,cambridge.org,org,49046,101407,cambridge.org,org,247,26,49147,101137
248,27,worldbank.org,org,49037,96939,worldbank.org,org,249,27,49136,96900
249,158,economist.com,com,48964,99528,economist.com,com,250,159,49053,99189
250,159,sharepoint.com,com,48930,84745,sharepoint.com,com,251,160,49035,84564
251,28,change.org,org,48895,109076,change.org,org,252,28,49005,108858
252,160,1.bp.blogspot.com,com,48851,116051,1.bp.blogspot.com,com,248,158,49136,116391
253,29,dx.doi.org,org,48844,92526,dx.doi.org,org,253,29,48874,92372
254,161,booking.com,com,48783,110787,booking.com,com,254,161,48859,110694
255,162,foxnews.com,com,48705,110539,foxnews.com,com,255,162,48797,110243
256,163,buydomains.com,com,48442,91402,buydomains.com,com,258,165,48357,91069
257,164,indiatimes.com,com,48404,109519,indiatimes.com,com,256,163,48513,109234
258,165,akismet.com,com,48321,131875,akismet.com,com,257,164,48390,131657
259,30,mayoclinic.org,org,48032,116668,mayoclinic.org,org,259,30,48198,116311
260,31,pbs.org,org,47834,107022,pbs.org,org,260,31,47891,106806
261,166,buzzfeed.com,com,47727,107628,buzzfeed.com,com,261,166,47861,107370
262,167,jotform.com,com,47586,96522,jotform.com,com,265,168,47568,96203
263,8,columbia.edu,edu,47584,94227,columbia.edu,edu,262,8,47646,94091
264,168,eepurl.com,com,47543,108970,eepurl.com,com,263,167,47631,108807
265,9,umich.edu,edu,47440,95299,umich.edu,edu,264,9,47575,95173
266,10,academia.edu,edu,47377,97746,academia.edu,edu,267,10,47406,97484
267,169,wikihow.com,com,47248,105711,wikihow.com,com,268,170,47395,105345
268,170,about.com,com,46967,96230,about.com,com,269,171,47057,96135
269,12,state.gov,gov,46897,99121,state.gov,gov,271,12,46932,98796
270,171,fandom.com,com,46892,106780,fandom.com,com,270,172,46982,106505
271,172,vice.com,com,46712,103254,vice.com,com,272,173,46827,103027
272,11,psu.edu,edu,46676,92805,psu.edu,edu,273,11,46796,92559
273,32,plos.org,org,46624,93937,plos.org,org,274,32,46749,93872
274,173,psychologytoday.com,com,46563,105994,psychologytoday.com,com,275,174,46666,105847
275,174,theconversation.com,com,46497,99493,theconversation.com,com,276,175,46602,99367
276,13,noaa.gov,gov,46487,94618,noaa.gov,gov,278,13,46497,94499
277,33,weforum.org,org,46480,93504,weforum.org,org,277,33,46560,93304
278,175,docs.microsoft.com,com,46423,85223,docs.microsoft.com,com,266,169,47426,87405
279,176,typepad.com,com,46320,99490,typepad.com,com,281,177,46420,99236
280,2,gouv.fr,fr,46306,107274,gouv.fr,fr,280,2,46469,107039
281,177,translate.google.com,com,46302,92046,translate.google.com,com,282,178,46419,91885
282,178,sciencedaily.com,com,46298,99690,sciencedaily.com,com,279,176,46475,99464
283,12,yale.edu,edu,46262,93108,yale.edu,edu,283,12,46394,92989
284,179,deloitte.com,com,46067,87622,deloitte.com,com,284,179,46210,87428
285,180,mckinsey.com,com,45871,89689,mckinsey.com,com,285,180,45988,89564
286,181,dribbble.com,com,45844,104116,dribbble.com,com,286,181,45903,103989
287,182,xinhuanet.com,com,45757,114769,xinhuanet.com,com,287,182,45851,114893
288,183,canva.com,com,45725,99949,canva.com,com,288,183,45791,99667
289,184,deviantart.com,com,45614,98640,deviantart.com,com,290,185,45685,98520
290,2,cbc.ca,ca,45603,103091,cbc.ca,ca,291,2,45679,103002
291,185,godaddy.com,com,45601,91551,godaddy.com,com,289,184,45744,91588
292,186,indeed.com,com,45550,99633,indeed.com,com,294,188,45591,99314
293,187,web.whatsapp.com,com,45539,120765,web.whatsapp.com,com,292,186,45674,120935
294,188,cisco.com,com,45530,80295,cisco.com,com,293,187,45619,80223
295,13,upenn.edu,edu,45459,89917,upenn.edu,edu,295,13,45566,89879
296,189,mashable.com,com,45425,95327,mashable.com,com,296,189,45548,95080
297,34,sciencemag.org,org,45332,86575,sciencemag.org,org,297,34,45472,86558
298,190,fortune.com,com,45235,95196,fortune.com,com,298,190,45277,94921
299,191,groups.google.com,com,45087,82673,groups.google.com,com,299,191,45114,82483
300,192,zendesk.com,com,45034,88321,zendesk.com,com,308,198,44867,87585
301,193,bmj.com,com,44971,92416,bmj.com,com,300,192,45110,92158
302,194,biomedcentral.com,com,44954,90384,biomedcentral.com,com,301,193,45042,90122
303,35,sitemaps.org,org,44952,111255,sitemaps.org,org,302,35,45040,111277
304,195,jimdo.com,com,44938,102708,jimdo.com,com,303,194,45013,102689
305,36,ieee.org,org,44915,82274,ieee.org,org,306,36,44934,82165
306,196,zdnet.com,com,44846,87886,zdnet.com,com,304,195,44952,87685
307,197,marketwatch.com,com,44786,96310,marketwatch.com,com,305,196,44950,96295
308,198,giphy.com,com,44754,98364,giphy.com,com,307,197,44896,98293
309,199,digg.com,com,44739,94622,digg.com,com,309,199,44826,94775
310,200,arcgis.com,com,44660,85727,arcgis.com,com,310,200,44792,85715
311,8,ox.ac.uk,uk,44493,85256,ox.ac.uk,uk,312,8,44565,85103
312,201,nypost.com,com,44456,101842,nypost.com,com,311,201,44568,101553
313,202,sohu.com,com,44390,109645,sohu.com,com,314,203,44337,109679
314,37,rfc-editor.org,org,44347,69767,rfc-editor.org,org,315,37,44335,69629
315,38,apa.org,org,44277,91995,apa.org,org,324,40,43927,91060
316,203,3.bp.blogspot.com,com,44273,98557,3.bp.blogspot.com,com,313,202,44514,98987
317,14,umn.edu,edu,44208,85968,umn.edu,edu,316,14,44292,85886
318,204,youronlinechoices.com,com,44192,122685,youronlinechoices.com,com,318,205,44243,122680
319,39,arxiv.org,org,44118,82425,arxiv.org,org,321,39,44108,82206
320,205,4.bp.blogspot.com,com,44062,98311,4.bp.blogspot.com,com,317,204,44285,98590
321,206,fastcompany.com,com,44046,91058,fastcompany.com,com,322,207,43985,90537
322,15,uci.edu,edu,44005,75384,uci.edu,edu,323,15,43970,75261
323,40,pewresearch.org,org,43983,94594,pewresearch.org,org,320,38,44170,94401
324,207,2.bp.blogspot.com,com,43941,98257,2.bp.blogspot.com,com,319,206,44181,98531
325,208,intel.com,com,43906,79216,intel.com,com,325,208,43919,79031
326,209,ubuntu.com,com,43713,74913,ubuntu.com,com,327,209,43799,74786
327,1,abc.net.au,au,43703,93286,abc.net.au,au,326,1,43816,93166
328,210,sun.com,com,43550,67639,sun.com,com,328,210,43560,67619
329,211,oreilly.com,com,43482,74495,oreilly.com,com,329,211,43515,74435
330,1,go.id,id,43389,96586,go.id,id,331,1,43312,96124
331,212,newyorker.com,com,43369,94370,newyorker.com,com,330,212,43497,94230
332,213,aliyun.com,com,43191,95087,aliyun.com,com,333,214,43195,95086
333,214,example.com,com,43127,80543,example.com,com,332,213,43200,80339
334,215,typeform.com,com,43040,84557,typeform.com,com,334,215,43123,84340
335,1,yandex.ru,ru,42980,128405,yandex.ru,ru,337,1,43064,128384
336,216,mdpi.com,com,42938,84046,mdpi.com,com,336,217,43076,83955
337,1,or.kr,kr,42906,84260,or.kr,kr,338,1,43016,84175
338,41,science.org,org,42802,85616,science.org,org,339,41,42813,85126
339,217,gofundme.com,com,42668,95295,gofundme.com,com,341,219,42764,95023
340,218,discord.com,com,42668,92669,discord.com,com,340,218,42797,92493
341,42,oecd.org,org,42613,79166,oecd.org,org,342,42,42703,79000
342,219,apnews.com,com,42480,95550,apnews.com,com,343,220,42641,95409
343,220,trustpilot.com,com,42459,98669,trustpilot.com,com,344,221,42634,98375
344,2,readthedocs.io,io,42405,70637,readthedocs.io,io,349,2,42378,70401
345,221,pexels.com,com,42381,94967,pexels.com,com,348,224,42484,94835
346,222,newsweek.com,com,42360,92188,newsweek.com,com,345,222,42534,92025
347,223,android.com,com,42331,80116,android.com,com,351,226,42318,79877
348,224,feedburner.com,com,42285,93696,feedburner.com,com,350,225,42373,93646
349,225,steampowered.com,com,42226,89677,steampowered.com,com,353,228,42258,89660
350,226,wpengine.com,com,42185,92740,wpengine.com,com,346,223,42521,93057
351,227,geocities.com,com,42123,78880,geocities.com,com,356,230,42122,78865
352,228,vox.com,com,42100,92353,vox.com,com,352,227,42268,92241
353,16,wisc.edu,edu,42093,80759,wisc.edu,edu,354,16,42215,80668
354,229,stripe.com,com,42069,90810,stripe.com,com,355,229,42158,90564
355,230,scholar.google.com,com,42044,80649,scholar.google.com,com,358,232,42053,80419
356,231,tripod.com,com,42012,81013,tripod.com,com,357,231,42056,80827
357,232,books.google.com,com,41809,88753,books.google.com,com,359,233,41898,88609
358,233,disqus.com,com,41795,86174,disqus.com,com,360,234,41885,86031
359,43,frontiersin.org,org,41754,85164,frontiersin.org,org,361,43,41883,85079
360,1,fb.watch,watch,41743,83373,fb.watch,watch,362,1,41800,83170
361,234,alibaba.com,com,41685,81474,alibaba.com,com,363,235,41666,81335
362,235,inc.com,com,41510,88144,inc.com,com,365,237,41608,87869
363,236,merriam-webster.com,com,41389,89549,merriam-webster.com,com,364,236,41645,89633
364,237,dev.mysql.com,com,41295,65471,dev.mysql.com,com,367,238,41302,65450
365,2,arnebrachhold.de,de,41261,101234,arnebrachhold.de,de,366,2,41330,101282
366,238,stumbleupon.com,com,41168,92242,stumbleupon.com,com,368,239,41234,92062
367,3,amazon.de,de,41123,106494,amazon.de,de,372,3,41129,106238
368,239,addthis.com,com,41085,78104,addthis.com,com,371,241,41130,77939
369,9,cam.ac.uk,uk,41033,75421,cam.ac.uk,uk,370,9,41139,75299
370,240,scientificamerican.com,com,41031,86467,scientificamerican.com,com,369,240,41180,86339
371,241,xing.com,com,41011,109344,xing.com,com,373,242,41069,109177
372,14,ftc.gov,gov,40933,85966,ftc.gov,gov,347,14,42511,89235
373,242,gizmodo.com,com,40873,85866,gizmodo.com,com,374,243,40959,85603
374,243,patreon.com,com,40839,94375,patreon.com,com,375,244,40915,94169
375,244,outlook.office.com,com,40733,94030,outlook.office.com,com,376,245,40789,93847
376,245,engadget.com,com,40681,83343,engadget.com,com,377,246,40777,83179
377,246,elegantthemes.com,com,40646,102312,elegantthemes.com,com,378,247,40715,102361
378,247,elsevier.com,com,40605,73732,elsevier.com,com,379,248,40679,73761
379,248,docker.com,com,40591,69494,docker.com,com,381,250,40557,69277
380,249,dw.com,com,40575,84726,dw.com,com,380,249,40626,84583
381,44,cookiedatabase.org,org,40495,111688,cookiedatabase.org,org,382,44,40512,111573
382,250,plesk.com,com,40459,102379,plesk.com,com,384,252,40467,102304
383,251,dell.com,com,40454,73635,dell.com,com,383,251,40497,73509
384,252,entrepreneur.com,com,40245,86904,entrepreneur.com,com,385,253,40386,86677
385,253,perfectdomain.com,com,40090,72003,perfectdomain.com,com,387,255,40087,71936
386,45,openstreetmap.org,org,40026,80314,openstreetmap.org,org,389,45,40014,80289
387,254,constantcontact.com,com,40010,86181,constantcontact.com,com,386,254,40108,85981
388,17,ucla.edu,edu,39991,77565,ucla.edu,edu,388,17,40046,77472
389,255,bilibili.com,com,39969,83136,bilibili.com,com,391,256,39998,83116
390,256,gitlab.com,com,39961,67000,gitlab.com,com,392,257,39977,66814
391,18,jhu.edu,edu,39958,77269,jhu.edu,edu,390,18,40001,76827
392,257,intuit.com,com,39927,87147,intuit.com,com,395,259,39903,86803
393,258,webs.com,com,39914,77034,webs.com,com,393,258,39972,76985
394,10,guardian.co.uk,uk,39843,77899,guardian.co.uk,uk,394,10,39916,77741
395,15,nps.gov,gov,39682,88964,nps.gov,gov,396,15,39816,88807
396,259,googleapis.com,com,39601,75708,googleapis.com,com,397,260,39663,75567
397,46,python.org,org,39561,67118,python.org,org,398,46,39638,67006
398,260,meetup.com,com,39511,78875,meetup.com,com,399,261,39583,78698
399,261,themeisle.com,com,39427,95362,themeisle.com,com,401,262,39482,95299
400,16,irs.gov,gov,39424,87738,irs.gov,gov,402,16,39471,87495
401,47,fao.org,org,39421,74929,fao.org,org,400,47,39526,74770
402,48,jstor.org,org,39334,77694,jstor.org,org,403,48,39441,77519
403,262,feeds.feedburner.com,com,39302,86301,feeds.feedburner.com,com,405,263,39430,86294
404,49,pnas.org,org,39297,78010,pnas.org,org,404,49,39440,77936
405,263,news.google.com,com,39189,92496,news.google.com,com,406,264,39349,92457
406,264,thelancet.com,com,39181,78270,thelancet.com,com,407,265,39326,78108
407,17,ed.gov,gov,39108,78654,ed.gov,gov,409,17,39266,78451
408,265,huawei.com,com,39094,70000,huawei.com,com,410,267,39120,69896
409,266,salesforce.com,com,39060,74242,salesforce.com,com,408,266,39274,74226
410,5,people.com.cn,cn,39035,113399,people.com.cn,cn,411,5,39091,113514
411,50,jigsaw.w3.org,org,38888,70113,jigsaw.w3.org,org,413,50,38898,70106
412,19,utexas.edu,edu,38857,72781,utexas.edu,edu,412,19,38921,72665
413,20,cmu.edu,edu,38839,70634,cmu.edu,edu,415,20,38811,70408
414,267,walmart.com,com,38714,88507,walmart.com,com,414,268,38859,88493
415,21,si.edu,edu,38607,77450,si.edu,edu,416,21,38731,77263
416,1,anchor.fm,fm,38519,80189,anchor.fm,fm,417,1,38603,80001
417,268,microsoftonline.com,com,38498,60100,microsoftonline.com,com,419,269,38480,59760
418,22,uchicago.edu,edu,38416,74909,uchicago.edu,edu,418,22,38505,74827
419,51,wiktionary.org,org,38376,79581,wiktionary.org,org,420,51,38449,79281
420,269,uk.com,com,38041,78572,uk.com,com,423,271,38115,78382
421,10,azurewebsites.net,net,38014,70189,azurewebsites.net,net,422,10,38132,70202
422,3,google.fr,fr,37966,83153,google.fr,fr,450,3,36423,78989
423,270,arstechnica.com,com,37956,75482,arstechnica.com,com,424,272,38023,75380
424,271,cdn.shopify.com,com,37898,74128,cdn.shopify.com,com,421,270,38174,74431
425,272,jamanetwork.com,com,37820,78750,jamanetwork.com,com,426,274,37947,78575
426,273,photobucket.com,com,37819,74641,photobucket.com,com,427,275,37915,74546
427,274,medicalnewstoday.com,com,37806,88212,medicalnewstoday.com,com,425,273,37962,88015
428,18,house.gov,gov,37766,80591,house.gov,gov,428,18,37900,80328
429,275,gartner.com,com,37739,69151,gartner.com,com,429,276,37870,68864
430,19,bls.gov,gov,37720,80523,bls.gov,gov,430,19,37836,80300
431,20,census.gov,gov,37589,78308,census.gov,gov,431,20,37690,78053
432,276,slate.com,com,37458,79888,slate.com,com,432,277,37567,79752
433,1,gob.mx,mx,37448,73971,gob.mx,mx,433,1,37529,73921
434,23,uiuc.edu,edu,37370,58884,uiuc.edu,edu,435,23,37369,58813
435,277,sfgate.com,com,37358,83073,sfgate.com,com,434,278,37474,82832
436,52,acs.org,org,37282,73050,acs.org,org,437,52,37363,72952
437,3,google.ca,ca,37227,82438,google.ca,ca,436,3,37368,82400
438,278,freepik.com,com,37195,78215,freepik.com,com,438,279,37256,78065
439,53,eff.org,org,37174,65290,eff.org,org,439,53,37255,65230
440,54,aboutcookies.org,org,37164,81604,aboutcookies.org,org,440,54,37176,81432
441,6,miitbeian.gov.cn,cn,37146,106760,miitbeian.gov.cn,cn,441,6,37175,106899
442,279,ikea.com,com,37025,76423,ikea.com,com,442,280,37135,76321
443,280,indiegogo.com,com,36647,74632,indiegogo.com,com,446,282,36650,74461
444,55,bbb.org,org,36622,85141,bbb.org,org,443,55,36738,84914
445,21,nist.gov,gov,36604,64512,nist.gov,gov,445,21,36665,64339
446,281,bizjournals.com,com,36598,77285,bizjournals.com,com,444,281,36724,77027
447,56,postgresql.org,org,36444,57015,postgresql.org,org,449,56,36454,56921
448,282,chicagotribune.com,com,36442,78320,chicagotribune.com,com,447,283,36536,78021
449,283,qz.com,com,36362,73681,qz.com,com,448,284,36525,73570
450,1,in.ua,ua,36325,74093,in.ua,ua,451,1,36328,73882
451,11,windows.net,net,36279,67750,windows.net,net,454,11,36242,67581
452,284,shutterstock.com,com,36215,77125,shutterstock.com,com,453,285,36274,76948
453,1,yahoo.co.jp,jp,36188,95420,yahoo.co.jp,jp,452,1,36284,95421
454,11,mirror.co.uk,uk,36079,78995,mirror.co.uk,uk,455,11,36207,78897
455,12,doubleclick.net,net,36076,71138,doubleclick.net,net,456,12,36188,71020
456,285,globenewswire.com,com,36072,75462,globenewswire.com,com,457,286,36179,75316
457,286,livescience.com,com,36049,76522,livescience.com,com,458,287,36176,76442
458,287,howstuffworks.com,com,36034,74446,howstuffworks.com,com,459,288,36136,74356
459,22,senate.gov,gov,35998,76315,senate.gov,gov,461,22,36059,76076
460,288,hilton.com,com,35993,68341,hilton.com,com,462,290,35954,67953
461,289,substack.com,com,35986,80066,substack.com,com,460,289,36071,79939
462,23,usgs.gov,gov,35820,69512,usgs.gov,gov,465,24,35829,69406
463,24,hhs.gov,gov,35802,74201,hhs.gov,gov,463,23,35916,74115
464,290,getpocket.com,com,35795,90867,getpocket.com,com,464,291,35857,90849
465,291,box.com,com,35741,66822,box.com,com,466,292,35762,66564
466,292,trello.com,com,35702,70942,trello.com,com,467,293,35759,70764
467,293,aliexpress.com,com,35513,70902,aliexpress.com,com,469,295,35581,70814
468,294,withgoogle.com,com,35509,66666,withgoogle.com,com,468,294,35624,66559
469,12,thetimes.co.uk,uk,35429,74418,thetimes.co.uk,uk,471,12,35526,74286
470,1,go.th,th,35425,72244,go.th,th,470,1,35530,72268
471,295,stackexchange.com,com,35367,66765,stackexchange.com,com,474,296,35418,66588
472,296,nvidia.com,com,35360,65243,nvidia.com,com,476,298,35336,65102
473,4,qc.ca,ca,35350,69085,qc.ca,ca,473,5,35429,69000
474,5,canada.ca,ca,35329,76516,canada.ca,ca,472,4,35497,76536
475,297,wikia.com,com,35314,69493,wikia.com,com,475,297,35415,69338
476,298,netscape.com,com,35308,55317,netscape.com,com,477,299,35318,55321
477,57,mitre.org,org,35265,55533,mitre.org,org,480,58,35236,55442
478,58,unicef.org,org,35177,66833,unicef.org,org,478,57,35305,66783
479,13,thesun.co.uk,uk,35164,76483,thesun.co.uk,uk,479,13,35288,76435
480,24,nyu.edu,edu,35115,67357,nyu.edu,edu,482,24,35184,67330
481,59,coursera.org,org,35104,66463,coursera.org,org,481,59,35192,66273
482,2,smh.com.au,au,35103,72460,smh.com.au,au,483,2,35181,72286
483,2,kiev.ua,ua,35043,69492,kiev.ua,ua,485,2,35093,69545
484,299,variety.com,com,35032,77907,variety.com,com,484,300,35113,77589
485,300,fc2.com,com,35011,87450,fc2.com,com,488,303,35047,87420
486,301,matterport.com,com,34986,64733,matterport.com,com,487,302,35051,64630
487,302,domainmarket.com,com,34952,66523,domainmarket.com,com,489,304,35024,66382
488,25,purdue.edu,edu,34912,66103,purdue.edu,edu,491,25,34971,65947
489,303,techtarget.com,com,34908,68294,techtarget.com,com,486,301,35069,68146
490,304,gotowebinar.com,com,34851,55906,gotowebinar.com,com,490,305,34975,55830
491,305,barnesandnoble.com,com,34845,77412,barnesandnoble.com,com,495,308,34858,77129
492,306,slack.com,com,34825,64499,slack.com,com,492,306,34958,64329
493,1,google.es,es,34785,83521,google.es,es,493,1,34893,83387
494,1,admin.ch,ch,34761,67689,admin.ch,ch,496,1,34848,67615
495,307,so.com,com,34760,112732,so.com,com,497,309,34787,112853
496,308,politico.com,com,34738,74830,politico.com,com,494,307,34888,74701
497,2,itu.int,int,34666,55159,itu.int,int,498,2,34707,55110
498,14,www.nhs.uk,uk,34640,80617,www.nhs.uk,uk,500,14,34667,80302
499,25,sec.gov,gov,34586,70065,sec.gov,gov,499,25,34676,69954
500,309,elpais.com,com,34555,75089,elpais.com,com,502,310,34585,75045
501,310,appspot.com,com,34534,63809,appspot.com,com,504,312,34558,63658
502,1,govt.nz,nz,34498,67737,govt.nz,nz,501,1,34637,67738
503,311,jd.com,com,34492,66374,jd.com,com,506,313,34506,66294
504,312,w3schools.com,com,34485,63003,w3schools.com,com,503,311,34576,62983
505,26,usc.edu,edu,34437,65713,usc.edu,edu,505,26,34514,65595
506,2,google.co.jp,jp,34420,107192,google.co.jp,jp,509,2,34402,106955
507,60,kernel.org,org,34412,54349,kernel.org,org,507,60,34429,54324
508,313,rollingstone.com,com,34313,75348,rollingstone.com,com,508,314,34415,75133
509,6,m.me,me,34288,79828,m.me,me,514,6,34288,79566
510,4,spiegel.de,de,34256,75245,spiegel.de,de,510,4,34365,75153
511,314,teamviewer.com,com,34249,60799,teamviewer.com,com,513,316,34307,60782
512,315,aljazeera.com,com,34243,72056,aljazeera.com,com,511,315,34343,71897
513,316,googleblog.com,com,34236,65509,googleblog.com,com,523,321,33679,64322
514,61,nejm.org,org,34162,66289,nejm.org,org,512,61,34322,66318
515,317,cloud.google.com,com,33906,64587,cloud.google.com,com,515,317,33976,64383
516,318,pcmag.com,com,33816,68058,pcmag.com,com,517,318,33896,67864
517,2,cutt.ly,ly,33799,69754,cutt.ly,ly,516,2,33911,69750
518,6,on.ca,ca,33782,67577,on.ca,ca,519,6,33887,67459
519,319,venturebeat.com,com,33709,66302,venturebeat.com,com,520,319,33755,66067
520,62,openssl.org,org,33663,50072,openssl.org,org,525,62,33670,50027
521,320,ssrn.com,com,33615,65087,ssrn.com,com,521,320,33705,64975
522,321,getbootstrap.com,com,33602,58620,getbootstrap.com,com,524,322,33675,58621
523,1,google.it,it,33593,74217,google.it,it,522,1,33703,74064
524,2,vkontakte.ru,ru,33560,70180,vkontakte.ru,ru,518,2,33893,70768
525,27,unc.edu,edu,33527,61893,unc.edu,edu,526,27,33608,61769
526,322,airbnb.com,com,33418,70228,airbnb.com,com,527,323,33497,69913
527,323,dropcatch.com,com,33353,59383,dropcatch.com,com,528,324,33430,59221
528,324,thoughtco.com,com,33351,68138,thoughtco.com,com,531,325,33349,67794
529,63,acm.org,org,33350,57589,acm.org,org,530,63,33365,57380
530,64,freebsd.org,org,33320,50818,freebsd.org,org,532,64,33328,50716
531,28,duke.edu,edu,33307,62252,duke.edu,edu,529,28,33429,62175
532,325,espn.com,com,33289,72790,espn.com,com,533,326,33322,72454
533,65,altervista.org,org,33222,64541,altervista.org,org,534,65,33244,64441
534,326,naver.com,com,33206,72781,naver.com,com,535,327,33208,72606
535,3,amazon.co.jp,jp,33157,83058,amazon.co.jp,jp,536,3,33158,82876
536,13,earthlink.net,net,33027,53751,earthlink.net,net,538,13,33044,53629
537,327,history.com,com,32966,70358,history.com,com,537,328,33117,70169
538,328,rt.com,com,32958,65202,rt.com,com,540,329,32992,65131
539,15,ico.org.uk,uk,32866,76957,ico.org.uk,uk,539,15,32997,76879
540,329,newscientist.com,com,32847,63982,newscientist.com,com,542,331,32903,63945
541,330,vmware.com,com,32841,55373,vmware.com,com,541,330,32927,55236
542,331,mixcloud.com,com,32817,66744,mixcloud.com,com,545,334,32840,66591
543,29,ucsd.edu,edu,32753,60186,ucsd.edu,edu,546,29,32827,60148
544,332,force.com,com,32722,59022,force.com,com,555,337,32658,58728
545,26,archives.gov,gov,32710,64910,archives.gov,gov,554,26,32682,64446
546,16,service.gov.uk,uk,32705,72706,service.gov.uk,uk,547,16,32770,72487
547,333,enable-javascript.com,com,32698,56371,enable-javascript.com,com,548,335,32749,56380
548,334,gallup.com,com,32697,66549,gallup.com,com,544,333,32847,66347
549,66,iana.org,org,32682,50515,iana.org,org,552,67,32693,50451
550,30,msu.edu,edu,32671,61220,msu.edu,edu,549,30,32733,61198
551,31,ufl.edu,edu,32655,61767,ufl.edu,edu,551,31,32697,61649
552,335,evernote.com,com,32645,65999,evernote.com,com,553,336,32685,65823
553,67,thenai.org,org,32627,71843,thenai.org,org,550,66,32713,71715
554,336,mystrikingly.com,com,32625,65770,mystrikingly.com,com,543,332,32858,66138
555,27,ny.gov,gov,32584,70947,ny.gov,gov,556,27,32619,70643
556,68,moodle.org,org,32557,51068,moodle.org,org,557,68,32607,51082
557,337,mediafire.com,com,32547,70189,mediafire.com,com,558,338,32606,70191
558,338,pwc.com,com,32507,59001,pwc.com,com,560,339,32551,58853
559,339,timeanddate.com,com,32464,60704,timeanddate.com,com,561,340,32522,60561
560,32,northwestern.edu,edu,32443,62124,northwestern.edu,edu,559,32,32561,62124
561,340,proofpoint.com,com,32226,58507,proofpoint.com,com,563,342,32301,58214
562,341,scmp.com,com,32221,64940,scmp.com,com,562,341,32346,64822
563,33,umd.edu,edu,32186,57941,umd.edu,edu,566,33,32251,57841
564,3,ok.ru,ru,32161,87821,ok.ru,ru,567,3,32223,87755
565,342,bitnami.com,com,32161,45194,bitnami.com,com,569,345,32178,45173
566,343,thehill.com,com,32132,68634,thehill.com,com,565,343,32280,68485
567,28,justice.gov,gov,32103,68601,justice.gov,gov,564,28,32291,68444
568,344,hollywoodreporter.com,com,32096,70108,hollywoodreporter.com,com,570,346,32177,69921
569,345,sky.com,com,32093,66877,sky.com,com,568,344,32185,66746
570,7,chinadaily.com.cn,cn,32044,63971,chinadaily.com.cn,cn,572,7,32112,63950
571,346,lww.com,com,32020,62624,lww.com,com,571,347,32125,62362
572,69,slashdot.org,org,31985,56757,slashdot.org,org,575,69,31969,56704
573,347,dictionary.com,com,31955,65533,dictionary.com,com,573,348,32055,65383
574,17,express.co.uk,uk,31903,67423,express.co.uk,uk,574,17,31987,67298
575,34,illinois.edu,edu,31696,59334,illinois.edu,edu,576,34,31776,59233
576,70,drupal.org,org,31634,52649,drupal.org,org,579,70,31670,52557
577,348,smithsonianmag.com,com,31611,65655,smithsonianmag.com,com,580,351,31630,65365
578,349,atlassian.com,com,31608,52709,atlassian.com,com,578,350,31671,52389
579,350,theglobeandmail.com,com,31607,64680,theglobeandmail.com,com,577,349,31762,64566
580,351,woocommerce.com,com,31597,69831,woocommerce.com,com,589,358,31301,68968
581,352,zhihu.com,com,31577,53619,zhihu.com,com,581,352,31616,53701
582,71,apachefriends.org,org,31479,50082,apachefriends.org,org,583,71,31508,50062
583,4,hatena.ne.jp,jp,31468,76752,hatena.ne.jp,jp,585,4,31487,76627
584,353,techradar.com,com,31447,62554,techradar.com,com,584,354,31488,62347
585,354,nydailynews.com,com,31371,65581,nydailynews.com,com,587,356,31475,65444
586,355,today.com,com,31322,67643,today.com,com,586,355,31480,67347
587,356,siemens.com,com,31247,52221,siemens.com,com,582,353,31614,52726
588,35,ucdavis.edu,edu,31093,59079,ucdavis.edu,edu,590,35,31206,58976
589,29,energy.gov,gov,31088,63484,energy.gov,gov,593,30,31092,63201
590,30,congress.gov,gov,31044,65230,congress.gov,gov,591,29,31102,64976
591,3,vic.gov.au,au,31038,66292,vic.gov.au,au,592,3,31095,66184
592,357,amazon-adsystem.com,com,31020,89937,amazon-adsystem.com,com,598,362,30972,89654
593,358,office365.com,com,31000,49722,office365.com,com,588,357,31312,49994
594,359,udemy.com,com,30998,66001,udemy.com,com,596,361,31030,65801
595,360,chron.com,com,30984,64979,chron.com,com,594,359,31078,64816
596,361,ning.com,com,30977,57231,ning.com,com,595,360,31041,57094
597,7,utoronto.ca,ca,30899,56065,utoronto.ca,ca,597,7,30974,56067
598,31,dot.gov,gov,30894,60788,dot.gov,gov,599,31,30949,60651
599,8,www.gov.cn,cn,30872,87197,www.gov.cn,cn,602,8,30839,87100
600,32,privacyshield.gov,gov,30831,81339,privacyshield.gov,gov,600,32,30920,81356
601,72,tomcat.apache.org,org,30767,44118,tomcat.apache.org,org,606,72,30740,44068
602,18,aol.co.uk,uk,30757,49041,aol.co.uk,uk,661,20,29377,45811
603,362,euronews.com,com,30752,61290,euronews.com,com,601,363,30850,61132
604,36,arizona.edu,edu,30747,57686,arizona.edu,edu,604,36,30808,57665
605,363,technologyreview.com,com,30741,57109,technologyreview.com,com,603,364,30812,57072
606,19,blogspot.co.uk,uk,30712,64104,blogspot.co.uk,uk,605,18,30761,63952
607,364,us.com,com,30683,58158,us.com,com,607,365,30736,58171
608,73,phys.org,org,30635,59359,phys.org,org,608,73,30691,59322
609,7,about.me,me,30496,59747,about.me,me,609,7,30583,59589
610,33,fcc.gov,gov,30442,58580,fcc.gov,gov,610,33,30523,58380
611,365,weather.com,com,30368,57405,weather.com,com,611,366,30464,57275
612,366,fool.com,com,30348,64678,fool.com,com,612,367,30455,64540
613,367,bigcartel.com,com,30340,60909,bigcartel.com,com,614,368,30387,60833
614,20,metro.co.uk,uk,30328,64184,metro.co.uk,uk,618,19,30308,63958
615,4,lemonde.fr,fr,30326,60293,lemonde.fr,fr,613,4,30397,60169
616,368,lifehacker.com,com,30285,61233,lifehacker.com,com,617,371,30341,61141
617,369,snapchat.com,com,30282,63374,snapchat.com,com,615,369,30372,63124
618,370,cbslocal.com,com,30238,62554,cbslocal.com,com,616,370,30342,62375
619,74,perl.org,org,30223,45236,perl.org,org,626,74,30102,45049
620,371,nike.com,com,30212,59675,nike.com,com,619,372,30304,59494
621,1,lnkd.in,in,30209,50504,lnkd.in,in,620,1,30203,50435
622,372,openai.com,com,30187,61739,openai.com,com,621,373,30178,61342
623,373,music.apple.com,com,30144,66923,music.apple.com,com,623,375,30138,66761
624,374,automattic.com,com,30084,76636,automattic.com,com,622,374,30147,76512
625,2,go.kr,kr,30060,60076,go.kr,kr,624,2,30133,60010
626,375,nikkei.com,com,30027,66986,nikkei.com,com,628,377,30062,66837
627,376,nymag.com,com,30027,63751,nymag.com,com,625,376,30103,63572
628,75,imf.org,org,30021,56260,imf.org,org,627,75,30101,56204
629,76,kde.org,org,29914,48046,kde.org,org,632,77,29952,48054
630,377,qualtrics.com,com,29913,52224,qualtrics.com,com,630,378,29964,52020
631,5,bund.de,de,29901,89324,bund.de,de,634,5,29895,89212
632,77,cancer.org,org,29901,61142,cancer.org,org,629,76,29999,60923
633,378,parallels.com,com,29895,60689,parallels.com,com,635,380,29885,60619
634,37,colorado.edu,edu,29894,55154,colorado.edu,edu,631,37,29962,55164
635,379,economictimes.indiatimes.com,com,29859,61732,economictimes.indiatimes.com,com,633,379,29927,61624
636,38,asu.edu,edu,29798,56380,asu.edu,edu,636,38,29872,56370
637,380,instructables.com,com,29764,58052,instructables.com,com,638,381,29842,57845
638,78,dmoz.org,org,29741,45724,dmoz.org,org,642,78,29755,45723
639,4,news.com.au,au,29738,59482,news.com.au,au,637,4,29848,59435
640,381,webex.com,com,29716,46810,webex.com,com,640,383,29804,46726
641,382,ign.com,com,29697,61564,ign.com,com,641,384,29793,61455
642,383,fiverr.com,com,29692,67023,fiverr.com,com,639,382,29812,66931
643,384,playstation.com,com,29678,61710,playstation.com,com,645,386,29734,61557
644,385,thedailybeast.com,com,29664,62786,thedailybeast.com,com,643,385,29745,62586
645,79,fedoraproject.org,org,29664,44872,fedoraproject.org,org,649,79,29694,44883
646,386,thebalancemoney.com,com,29643,63423,thebalancemoney.com,com,646,387,29721,63283
647,387,moz.com,com,29633,60466,moz.com,com,647,388,29721,60241
648,388,libsyn.com,com,29627,62564,libsyn.com,com,650,389,29676,62528
649,39,brookings.edu,edu,29621,59149,brookings.edu,edu,644,39,29738,58992
650,389,java.com,com,29586,45545,java.com,com,652,391,29616,45554
651,40,rutgers.edu,edu,29552,54367,rutgers.edu,edu,648,40,29716,54359
652,34,usa.gov,gov,29519,58238,usa.gov,gov,683,37,28736,56387
653,2,g.co,co,29515,59483,g.co,co,656,2,29442,59248
654,1,telegra.ph,ph,29513,59588,telegra.ph,ph,653,1,29553,59529
655,390,mozilla.com,com,29484,48967,mozilla.com,com,655,392,29489,48869
656,391,digitaltrends.com,com,29475,57981,digitaltrends.com,com,651,390,29631,57798
657,5,sakura.ne.jp,jp,29397,67926,sakura.ne.jp,jp,660,5,29403,67796
658,8,ubc.ca,ca,29396,53487,ubc.ca,ca,654,8,29519,53476
659,80,faqs.org,org,29395,44974,faqs.org,org,659,81,29405,44971
660,81,joomla.org,org,29380,53333,joomla.org,org,657,80,29433,53330
661,392,angelfire.com,com,29379,53498,angelfire.com,com,658,393,29408,53441
662,1,is.gd,gd,29319,55792,is.gd,gd,663,1,29339,55689
663,393,verisign.com,com,29308,43974,verisign.com,com,664,394,29338,44033
664,394,jquery.com,com,29273,46667,jquery.com,com,666,395,29323,46597
665,14,fbcdn.net,net,29263,53708,fbcdn.net,net,662,14,29340,53705
666,41,virginia.edu,edu,29249,52696,virginia.edu,edu,665,41,29326,52656
667,82,letsencrypt.org,org,29245,45103,letsencrypt.org,org,667,82,29280,45063
668,395,tmall.com,com,29204,57004,tmall.com,com,669,397,29210,57018
669,396,target.com,com,29139,64963,target.com,com,668,396,29264,64919
670,35,fbi.gov,gov,29056,57161,fbi.gov,gov,672,34,29055,56979
671,21,ucl.ac.uk,uk,29027,51500,ucl.ac.uk,uk,670,21,29130,51438
672,2,imageshack.us,us,29013,52173,imageshack.us,us,671,2,29078,52216
673,9,miibeian.gov.cn,cn,28967,61941,miibeian.gov.cn,cn,674,9,29003,62007
674,397,boston.com,com,28861,56489,boston.com,com,673,398,29020,56402
675,36,uspto.gov,gov,28861,52187,uspto.gov,gov,677,35,28885,52029
676,398,thefreedictionary.com,com,28859,56822,thefreedictionary.com,com,675,399,28926,56658
677,42,osu.edu,edu,28800,54602,osu.edu,edu,676,42,28916,54500
678,399,theregister.com,com,28788,52325,theregister.com,com,680,401,28780,52277
679,400,people.com,com,28776,64330,people.com,com,678,400,28875,63967
680,37,medlineplus.gov,gov,28737,62163,medlineplus.gov,gov,679,36,28850,62133
681,401,prezi.com,com,28665,48719,prezi.com,com,686,403,28680,48675
682,9,bc.ca,ca,28654,55731,bc.ca,ca,681,9,28772,55741
683,83,en.m.wikipedia.org,org,28642,60410,en.m.wikipedia.org,org,682,83,28745,60141
684,38,wa.gov,gov,28625,58174,wa.gov,gov,687,39,28647,57951
685,39,treasury.gov,gov,28604,56873,treasury.gov,gov,684,38,28696,56965
686,84,gutenberg.org,org,28598,51945,gutenberg.org,org,688,84,28634,51863
687,1,blog.google,google,28570,56875,blog.google,google,703,1,28124,55921
688,402,insider.com,com,28555,63930,insider.com,com,685,402,28680,63719
689,403,microfocus.com,com,28537,44184,microfocus.com,com,690,404,28610,44162
690,404,ai-lawandorder.com,com,28534,47774,ai-lawandorder.com,com,760,437,26858,44561
691,405,foursquare.com,com,28527,55203,foursquare.com,com,691,405,28585,55124
692,43,bu.edu,edu,28512,53606,bu.edu,edu,689,43,28617,53565
693,406,schneier.com,com,28468,44658,schneier.com,com,695,409,28488,44669
694,407,podbean.com,com,28439,56101,podbean.com,com,694,408,28497,56000
695,408,nasdaq.com,com,28438,55680,nasdaq.com,com,692,406,28566,55629
696,409,accenture.com,com,28377,50063,accenture.com,com,693,407,28563,50112
697,1,web.dev,dev,28351,54343,web.dev,dev,699,1,28350,54150
698,2,google.co.in,in,28325,61103,google.co.in,in,698,2,28383,60916
699,85,heart.org,org,28321,56711,heart.org,org,696,85,28441,56566
700,86,opensource.org,org,28285,45613,opensource.org,org,700,86,28298,45504
701,410,cell.com,com,28263,54094,cell.com,com,697,410,28408,54139
702,411,news.sky.com,com,28121,57917,news.sky.com,com,701,411,28229,57786
703,412,twimg.com,com,28111,54118,twimg.com,com,702,412,28165,54017
704,6,rakuten.co.jp,jp,28102,69738,rakuten.co.jp,jp,705,6,28087,69615
705,87,icann.org,org,28066,46525,icann.org,org,709,87,28017,46354
706,5,nsw.gov.au,au,28042,57780,nsw.gov.au,au,707,5,28076,57617
707,413,uber.com,com,28035,55495,uber.com,com,704,413,28117,55404
708,4,mail.ru,ru,28019,65463,mail.ru,ru,706,4,28083,65423
709,414,zend.com,com,28017,41751,zend.com,com,708,414,28036,41769
710,1,army.mil,mil,27904,52833,army.mil,mil,711,1,27931,52686
711,415,digital.com,com,27903,42678,digital.com,com,715,417,27898,42616
712,40,va.gov,gov,27862,55915,va.gov,gov,712,40,27930,55772
713,416,sap.com,com,27855,48157,sap.com,com,714,416,27898,47959
714,10,pinterest.ca,ca,27804,66180,pinterest.ca,ca,716,10,27851,66067
715,44,tamu.edu,edu,27783,51195,tamu.edu,edu,717,44,27830,51018
716,417,novell.com,com,27775,41939,novell.com,com,713,415,27906,42081
717,88,bitbucket.org,org,27771,44743,bitbucket.org,org,720,89,27773,44652
718,3,ow.ly,ly,27719,48308,ow.ly,ly,719,3,27817,48217
719,89,khanacademy.org,org,27696,52400,khanacademy.org,org,718,88,27820,52351
720,2,gob.es,es,27691,59806,gob.es,es,722,2,27728,59677
721,418,urbandictionary.com,com,27684,55582,urbandictionary.com,com,724,419,27698,55442
722,41,dol.gov,gov,27678,55736,dol.gov,gov,725,41,27692,55526
723,6,naturalhomeliving.com.au,au,27678,47969,naturalhomeliving.com.au,au,710,6,27939,48354
724,419,ey.com,com,27669,47859,ey.com,com,721,418,27770,47716
725,90,cpan.org,org,27620,41130,cpan.org,org,723,90,27718,41177
726,420,prweb.com,com,27605,51778,prweb.com,com,727,421,27654,51620
727,42,dhs.gov,gov,27604,52265,dhs.gov,gov,728,42,27628,52033
728,421,wufoo.com,com,27588,51826,wufoo.com,com,726,420,27678,51610
729,11,amazon.ca,ca,27530,59155,amazon.ca,ca,729,11,27601,59044
730,1,haxx.se,se,27504,41499,haxx.se,se,733,1,27482,41403
731,91,semanticscholar.org,org,27482,51153,semanticscholar.org,org,732,92,27520,51003
732,92,clevelandclinic.org,org,27465,62608,clevelandclinic.org,org,730,91,27585,62356
733,422,mlb.com,com,27432,55771,mlb.com,com,731,422,27552,55613
734,8,paypal.me,me,27421,55685,paypal.me,me,734,8,27470,55688
735,423,themegrill.com,com,27412,65413,themegrill.com,com,736,424,27449,65320
736,424,over-blog.com,com,27304,51764,over-blog.com,com,738,426,27350,51693
737,425,att.com,com,27293,50244,att.com,com,737,425,27363,50147
738,10,google.cn,cn,27240,48908,google.cn,cn,741,10,27282,48806
739,43,cancer.gov,gov,27232,53714,cancer.gov,gov,742,44,27277,53629
740,426,steamcommunity.com,com,27227,52972,steamcommunity.com,com,743,427,27273,52888
741,427,salon.com,com,27216,54235,salon.com,com,744,428,27224,54131
742,428,cygwin.com,com,27190,40725,cygwin.com,com,745,429,27174,40709
743,429,hootsuite.com,com,27172,54357,hootsuite.com,com,735,423,27469,54534
744,44,usembassy.gov,gov,27142,51696,usembassy.gov,gov,740,43,27284,51628
745,7,google.com.au,au,27111,57145,google.com.au,au,746,7,27137,57008
746,2,curl.se,se,27097,41016,curl.se,se,739,2,27345,41280
747,430,houzz.com,com,27087,57199,houzz.com,com,748,431,27117,57027
748,431,vogue.com,com,27044,56388,vogue.com,com,747,430,27130,56264
749,1,uol.com.br,br,27031,59718,uol.com.br,br,749,1,27099,59594
750,432,lenovo.com,com,26980,49619,lenovo.com,com,752,433,27016,49470
751,93,ilo.org,org,26979,47120,ilo.org,org,751,93,27027,46994
752,433,ndtv.com,com,26943,58222,ndtv.com,com,750,432,27037,58004
753,434,medscape.com,com,26918,50576,medscape.com,com,753,434,27013,50572
754,435,tencent.com,com,26891,44378,tencent.com,com,756,435,26886,44405
755,45,wustl.edu,edu,26869,48280,wustl.edu,edu,754,45,26922,48265
756,436,duckduckgo.com,com,26861,49015,duckduckgo.com,com,762,438,26852,48921
757,94,consumerreports.org,org,26834,56491,consumerreports.org,org,755,94,26898,56269
758,437,cctv.com,com,26820,65873,cctv.com,com,765,440,26818,65822
759,3,flic.kr,kr,26820,47370,flic.kr,kr,757,3,26879,47260
760,3,coe.int,int,26807,47439,coe.int,int,764,3,26834,47361
761,438,herokuapp.com,com,26802,48505,herokuapp.com,com,758,436,26868,48365
762,439,lonelyplanet.com,com,26786,50599,lonelyplanet.com,com,763,439,26838,50479
763,95,undp.org,org,26778,47061,undp.org,org,761,96,26854,47098
764,96,eurekalert.org,org,26762,50728,eurekalert.org,org,759,95,26859,50634
765,440,globo.com,com,26740,60690,globo.com,com,767,442,26781,60530
766,441,generatepress.com,com,26723,75022,generatepress.com,com,769,443,26728,74879
767,442,yolasite.com,com,26723,49442,yolasite.com,com,766,441,26802,49370
768,97,aarp.org,org,26722,54620,aarp.org,org,768,97,26770,54426
769,443,de-de.facebook.com,com,26675,86125,de-de.facebook.com,com,770,444,26715,86028
770,444,crunchbase.com,com,26640,55454,crunchbase.com,com,771,445,26689,55277
771,98,iop.org,org,26634,47009,iop.org,org,772,98,26654,46973
772,445,zoho.com,com,26607,50555,zoho.com,com,775,448,26581,50449
773,446,gamespot.com,com,26576,52910,gamespot.com,com,774,447,26620,52790
774,447,nba.com,com,26560,51560,nba.com,com,773,446,26633,51381
775,448,git-scm.com,com,26535,41350,git-scm.com,com,778,450,26557,41304
776,449,mapquest.com,com,26519,50861,mapquest.com,com,779,451,26525,50767
777,2,ethz.ch,ch,26516,45457,ethz.ch,ch,777,2,26558,45415
778,450,ea.com,com,26487,52235,ea.com,com,776,449,26572,52023
779,15,rs6.net,net,26448,51960,rs6.net,net,781,15,26476,51870
780,5,amazon.fr,fr,26428,52284,amazon.fr,fr,783,5,26412,52193
781,451,gmail.com,com,26412,47766,gmail.com,com,780,452,26486,47694
782,1,gob.ar,ar,26360,51197,gob.ar,ar,784,1,26397,51157
783,45,texas.gov,gov,26346,55815,texas.gov,gov,782,45,26474,55634
784,46,nyc.gov,gov,26332,53192,nyc.gov,gov,785,46,26396,52955
785,452,jimdofree.com,com,26308,58666,jimdofree.com,com,790,456,26323,58479
786,453,vanityfair.com,com,26278,55599,vanityfair.com,com,786,453,26367,55415
787,454,voanews.com,com,26275,50404,voanews.com,com,788,455,26347,50378
788,455,autodesk.com,com,26270,44863,autodesk.com,com,791,457,26321,44783
789,456,bostonglobe.com,com,26268,52962,bostonglobe.com,com,787,454,26360,52881
790,46,ncsu.edu,edu,26248,47221,ncsu.edu,edu,789,46,26329,47067
791,457,iheart.com,com,26243,54508,iheart.com,com,795,460,26276,54312
792,458,glassdoor.com,com,26242,52557,glassdoor.com,com,793,458,26285,52372
793,47,utah.edu,edu,26223,47758,utah.edu,edu,796,47,26256,47639
794,99,greenpeace.org,org,26220,46765,greenpeace.org,org,792,99,26288,46805
795,459,thestar.com,com,26190,53328,thestar.com,com,797,461,26239,53340
796,460,fifa.com,com,26190,50590,fifa.com,com,794,459,26283,50538
797,3,ipcc.ch,ch,26164,46932,ipcc.ch,ch,798,3,26228,46921
798,22,eventbrite.co.uk,uk,26127,54299,eventbrite.co.uk,uk,800,22,26182,54130
799,1,google.nl,nl,26122,59844,google.nl,nl,799,1,26186,59829
800,461,1688.com,com,26119,55751,1688.com,com,802,463,26099,55766
801,462,garmin.com,com,26095,47317,garmin.com,com,801,462,26111,47159
802,48,indiana.edu,edu,26027,44031,indiana.edu,edu,804,48,26026,43941
803,463,500px.com,com,26014,50856,500px.com,com,803,464,26050,50802
804,5,spb.ru,ru,25987,50480,spb.ru,ru,805,5,26010,50486
805,464,accor.com,com,25964,43975,accor.com,com,836,482,25566,43095
806,465,wpastra.com,com,25950,67525,wpastra.com,com,806,465,26008,67442
807,466,verywellmind.com,com,25941,54643,verywellmind.com,com,808,466,25975,54418
808,467,pastebin.com,com,25922,48059,pastebin.com,com,813,470,25919,47938
809,468,hyatt.com,com,25898,47045,hyatt.com,com,810,468,25949,47039
810,469,thenextweb.com,com,25888,47507,thenextweb.com,com,809,467,25967,47427
811,6,google.ru,ru,25873,53061,google.ru,ru,811,6,25939,52998
812,100,openldap.org,org,25844,37197,openldap.org,org,819,100,25817,37139
813,470,caniuse.com,com,25833,40106,caniuse.com,com,814,471,25854,40054
814,471,adweek.com,com,25828,48955,adweek.com,com,812,469,25932,48909
815,23,ebay.co.uk,uk,25826,49829,ebay.co.uk,uk,818,24,25835,49678
816,101,orcid.org,org,25817,43218,orcid.org,org,822,101,25758,43125
817,472,xbox.com,com,25790,51126,xbox.com,com,838,483,25548,50601
818,2,navy.mil,mil,25749,46065,navy.mil,mil,815,2,25848,46081
819,473,nokia.com,com,25747,42989,nokia.com,com,824,475,25739,42902
820,24,huffingtonpost.co.uk,uk,25742,51079,huffingtonpost.co.uk,uk,807,23,25979,51294
821,474,livestream.com,com,25742,44691,livestream.com,com,820,473,25796,44692
822,475,france24.com,com,25726,50910,france24.com,com,816,472,25847,50906
823,476,discovery.com,com,25726,46117,discovery.com,com,821,474,25768,46155
824,49,pitt.edu,edu,25724,45262,pitt.edu,edu,817,49,25836,45267
825,477,symantec.com,com,25689,40752,symantec.com,com,826,476,25734,40693
826,6,ccc.de,de,25673,41060,ccc.de,de,829,6,25657,40986
827,2,last.fm,fm,25656,47698,last.fm,fm,823,2,25746,47688
828,3,icio.us,us,25647,46248,icio.us,us,827,3,25727,46387
829,9,wp.me,me,25635,56247,wp.me,me,828,9,25671,56101
830,50,tufts.edu,edu,25616,46572,tufts.edu,edu,825,50,25738,46538
831,3,youronlinechoices.eu,eu,25565,53330,youronlinechoices.eu,eu,831,3,25616,53074
832,478,esquire.com,com,25564,50968,esquire.com,com,832,478,25598,50802
833,479,pcworld.com,com,25555,45917,pcworld.com,com,830,477,25620,45826
834,480,platform.twitter.com,com,25519,53238,platform.twitter.com,com,833,479,25581,53219
835,481,asus.com,com,25514,46899,asus.com,com,839,484,25539,46766
836,482,zillow.com,com,25495,53620,zillow.com,com,834,480,25572,53592
837,483,billboard.com,com,25482,53490,billboard.com,com,835,481,25567,53303
838,47,sba.gov,gov,25482,51678,sba.gov,gov,837,47,25559,51574
839,51,ucsb.edu,edu,25460,46336,ucsb.edu,edu,845,51,25489,46286
840,12,globalnews.ca,ca,25437,52552,globalnews.ca,ca,844,12,25491,52390
841,484,istockphoto.com,com,25437,50793,istockphoto.com,com,841,485,25508,50753
842,485,cosmopolitan.com,com,25415,52611,cosmopolitan.com,com,843,487,25505,52540
843,6,lefigaro.fr,fr,25413,49588,lefigaro.fr,fr,840,6,25513,49511
844,486,verizon.com,com,25412,47943,verizon.com,com,842,486,25507,47785
845,4,del.icio.us,us,25381,45640,del.icio.us,us,846,4,25461,45790
846,25,ed.ac.uk,uk,25372,43643,ed.ac.uk,uk,847,25,25455,43642
847,487,computerworld.com,com,25368,44814,computerworld.com,com,849,489,25415,44663
848,488,usps.com,com,25337,48685,usps.com,com,848,488,25439,48636
849,102,ohchr.org,org,25319,47390,ohchr.org,org,850,102,25390,47268
850,103,craigslist.org,org,25263,49172,craigslist.org,org,852,103,25243,49121
851,489,accuweather.com,com,25250,46749,accuweather.com,com,851,490,25273,46649
852,490,visualstudio.com,com,25207,43939,visualstudio.com,com,855,492,25227,43858
853,491,ihg.com,com,25186,43356,ihg.com,com,854,491,25232,43300
854,1,gv.at,at,25177,54026,gv.at,at,856,1,25216,53946
855,104,hrw.org,org,25149,49088,hrw.org,org,853,104,25235,49034
856,492,com.com,com,25141,43214,com.com,com,858,493,25177,43221
857,52,unl.edu,edu,25134,45400,unl.edu,edu,857,52,25191,45319
858,493,lego.com,com,25130,45487,lego.com,com,861,494,25125,45373
859,53,georgetown.edu,edu,25097,45909,georgetown.edu,edu,859,53,25166,45770
860,2,ustream.tv,tv,25083,45101,ustream.tv,tv,863,2,25105,45032
861,105,nobelprize.org,org,25075,44024,nobelprize.org,org,860,105,25134,43969
862,494,broadcom.com,com,25064,39974,broadcom.com,com,930,540,23961,37998
863,7,ameblo.jp,jp,25017,67036,ameblo.jp,jp,870,7,24955,66930
864,495,securityfocus.com,com,25008,37233,securityfocus.com,com,868,498,25006,37202
865,496,axios.com,com,25002,52584,axios.com,com,862,495,25120,52307
866,497,irishtimes.com,com,24987,48176,irishtimes.com,com,864,496,25061,48064
867,54,hawaii.edu,edu,24971,43073,hawaii.edu,edu,865,54,25043,43038
868,26,standard.co.uk,uk,24955,51623,standard.co.uk,uk,866,26,25021,51529
869,498,seekingalpha.com,com,24949,50018,seekingalpha.com,com,869,499,25001,49873
870,499,colorlib.com,com,24943,49001,colorlib.com,com,871,500,24947,48918
871,500,americanexpress.com,com,24932,48457,americanexpress.com,com,867,497,25016,48387
872,501,seattletimes.com,com,24856,50577,seattletimes.com,com,873,502,24901,50436
873,502,wunderground.com,com,24853,43292,wunderground.com,com,874,503,24863,43250
874,503,mercurynews.com,com,24823,49811,mercurynews.com,com,872,501,24925,49735
875,504,binance.com,com,24822,55819,binance.com,com,876,504,24822,55606
876,16,speedtest.net,net,24787,42006,speedtest.net,net,875,16,24838,41942
877,106,hopkinsmedicine.org,org,24718,52138,hopkinsmedicine.org,org,878,106,24783,51941
878,505,businessweek.com,com,24716,43062,businessweek.com,com,877,505,24798,43007
879,506,foodnetwork.com,com,24693,52740,foodnetwork.com,com,895,517,24488,52019
880,507,patch.com,com,24667,50934,patch.com,com,879,506,24724,50872
881,508,deadline.com,com,24661,54528,deadline.com,com,880,507,24708,54352
882,509,goodhousekeeping.com,com,24648,52151,goodhousekeeping.com,com,881,508,24707,52053
883,107,lua.org,org,24643,37230,lua.org,org,886,107,24640,37200
884,510,answers.com,com,24642,44755,answers.com,com,882,509,24676,44663
885,511,douban.com,com,24613,49399,douban.com,com,885,512,24647,49494
886,512,kaspersky.com,com,24601,43507,kaspersky.com,com,884,511,24673,43413
887,513,smugmug.com,com,24577,45709,smugmug.com,com,890,514,24560,45629
888,514,prestashop.com,com,24554,48745,prestashop.com,com,888,513,24588,48650
889,108,oxfordjournals.org,org,24553,39826,oxfordjournals.org,org,889,109,24564,39763
890,109,telegram.org,org,24539,48665,telegram.org,org,887,108,24604,48638
891,515,mi.com,com,24514,42591,mi.com,com,891,515,24545,42511
892,110,man7.org,org,24509,38093,man7.org,org,894,110,24520,38070
893,3,nic.in,in,24479,57178,nic.in,in,893,3,24523,57017
894,516,widgets.wp.com,com,24468,64289,widgets.wp.com,com,896,518,24475,64205
895,517,liveabout.com,com,24439,47384,liveabout.com,com,883,510,24674,47469
896,48,cia.gov,gov,24431,42427,cia.gov,gov,898,48,24464,42380
897,518,perl.com,com,24407,35935,perl.com,com,902,520,24411,35893
898,519,upwork.com,com,24363,51449,upwork.com,com,899,519,24455,51339
899,55,umass.edu,edu,24353,43519,umass.edu,edu,897,55,24464,43505
900,49,osha.gov,gov,24343,46986,osha.gov,gov,900,49,24448,46866
901,520,jpost.com,com,24336,47667,jpost.com,com,903,521,24402,47584
902,521,sony.com,com,24322,44450,sony.com,com,906,524,24334,44348
903,522,hindustantimes.com,com,24311,50984,hindustantimes.com,com,905,523,24386,50827
904,523,bestbuy.com,com,24309,49706,bestbuy.com,com,904,522,24394,49667
905,1,1drv.ms,ms,24238,40829,1drv.ms,ms,908,1,24270,40733
906,524,ovhcloud.com,com,24227,44749,ovhcloud.com,com,892,516,24538,45613
907,525,cpanel.com,com,24219,54840,cpanel.com,com,909,526,24252,54788
908,526,semrush.com,com,24196,50135,semrush.com,com,907,525,24270,50039
909,527,digitalocean.com,com,24180,41983,digitalocean.com,com,912,528,24218,41892
910,13,ctvnews.ca,ca,24179,48890,ctvnews.ca,ca,911,13,24223,48738
911,528,feedly.com,com,24159,53745,feedly.com,com,913,529,24207,53761
912,529,findlaw.com,com,24150,49380,findlaw.com,com,914,530,24193,49313
913,530,gettyimages.com,com,24146,48172,gettyimages.com,com,910,527,24250,48280
914,531,snopes.com,com,24128,46000,snopes.com,com,915,531,24126,45941
915,532,ups.com,com,24092,40632,ups.com,com,917,533,24061,40475
916,533,disney.com,com,24055,45258,disney.com,com,921,536,24028,45074
917,534,pinimg.com,com,24024,45453,pinimg.com,com,918,534,24060,45478
918,56,caltech.edu,edu,24008,41384,caltech.edu,edu,923,56,24022,41386
919,8,japantimes.co.jp,jp,24004,45650,japantimes.co.jp,jp,919,8,24057,45565
920,535,thomsonreuters.com,com,23998,42988,thomsonreuters.com,com,916,532,24096,42878
921,536,amd.com,com,23997,41836,amd.com,com,924,537,24005,41705
922,7,mpg.de,de,23993,40376,mpg.de,de,928,7,23988,40245
923,50,fema.gov,gov,23969,46254,fema.gov,gov,926,52,23995,46151
924,51,clinicaltrials.gov,gov,23959,43155,clinicaltrials.gov,gov,922,51,24023,43038
925,537,indianexpress.com,com,23954,50488,indianexpress.com,com,925,538,24002,50354
926,538,tesla.com,com,23954,46281,tesla.com,com,941,546,23830,45793
927,111,nodejs.org,org,23948,39020,nodejs.org,org,931,111,23960,38955
928,539,timeout.com,com,23923,47054,timeout.com,com,927,539,23993,46888
929,3,ibb.co,co,23923,43637,ibb.co,co,929,3,23965,43510
930,540,fedex.com,com,23898,41370,fedex.com,com,920,535,24031,41418
931,541,phpbb.com,com,23881,41644,phpbb.com,com,933,541,23923,41613
932,542,urldefense.com,com,23865,44725,urldefense.com,com,934,542,23899,44456
933,4,wipo.int,int,23853,38855,wipo.int,int,932,4,23934,38901
934,543,space.com,com,23848,46196,space.com,com,935,543,23890,46110
935,112,wireshark.org,org,23847,36717,wireshark.org,org,937,112,23862,36691
936,17,csdn.net,net,23846,35610,csdn.net,net,936,17,23864,35580
937,544,tableau.com,com,23826,42620,tableau.com,com,945,549,23818,42481
938,545,fliphtml5.com,com,23802,40033,fliphtml5.com,com,944,548,23819,39866
939,57,vt.edu,edu,23797,41641,vt.edu,edu,938,57,23861,41550
940,113,redcross.org,org,23796,46381,redcross.org,org,943,113,23819,46118
941,2,yp.to,to,23783,35489,yp.to,to,947,2,23805,35505
942,546,calameo.com,com,23767,42427,calameo.com,com,940,545,23838,42490
943,547,alexa.com,com,23733,41333,alexa.com,com,946,550,23816,41365
944,548,foxbusiness.com,com,23723,48529,foxbusiness.com,com,942,547,23823,48401
945,114,isc.org,org,23693,34552,isc.org,org,952,114,23673,34486
946,9,nhk.or.jp,jp,23685,55332,nhk.or.jp,jp,951,9,23673,55253
947,11,360.cn,cn,23660,41398,360.cn,cn,953,11,23672,41361
948,5,esa.int,int,23652,40739,esa.int,int,956,5,23657,40689
949,549,trendmicro.com,com,23651,40480,trendmicro.com,com,939,544,23854,40729
950,2,google.com.br,br,23641,52723,google.com.br,br,948,2,23712,52645
951,550,yumpu.com,com,23625,42435,yumpu.com,com,950,552,23704,42359
952,551,hubpages.com,com,23607,46054,hubpages.com,com,957,555,23620,45873
953,552,bustle.com,com,23599,48844,bustle.com,com,949,551,23704,48713
954,52,weather.gov,gov,23597,46796,weather.gov,gov,901,50,24421,48244
955,553,msnbc.com,com,23566,45188,msnbc.com,com,955,554,23661,45077
956,554,washingtontimes.com,com,23566,45183,washingtontimes.com,com,954,553,23665,45161
957,2,or.id,id,23562,44746,or.id,id,960,2,23564,44709
958,1,netlify.app,app,23561,43440,netlify.app,app,970,1,23406,42906
959,27,theregister.co.uk,uk,23557,39478,theregister.co.uk,uk,962,28,23514,39426
960,58,brown.edu,edu,23536,41568,brown.edu,edu,958,58,23585,41568
961,7,narod.ru,ru,23482,42530,narod.ru,ru,961,7,23530,42482
962,28,pinterest.co.uk,uk,23481,53018,pinterest.co.uk,uk,959,27,23565,52967
963,555,npmjs.com,com,23463,39872,npmjs.com,com,963,556,23496,39720
964,556,panasonic.com,com,23448,41530,panasonic.com,com,966,557,23458,41594
965,115,ourworldindata.org,org,23445,44563,ourworldindata.org,org,964,115,23474,44564
966,116,metmuseum.org,org,23426,42668,metmuseum.org,org,965,116,23474,42653
967,2,square.site,site,23386,49925,square.site,site,969,2,23409,49898
968,557,miamiherald.com,com,23360,46929,miamiherald.com,com,967,558,23457,46778
969,558,bell-labs.com,com,23355,34192,bell-labs.com,com,973,560,23310,34127
970,559,rottentomatoes.com,com,23338,47866,rottentomatoes.com,com,968,559,23425,47840
971,1,vatican.va,va,23311,43511,vatican.va,va,971,1,23387,43524
972,117,ap.org,org,23304,43141,ap.org,org,972,117,23361,43107
973,560,deezer.com,com,23242,45108,deezer.com,com,974,561,23273,45048
974,561,howtogeek.com,com,23222,43451,howtogeek.com,com,975,562,23272,43378
975,59,cuny.edu,edu,23206,42677,cuny.edu,edu,976,59,23265,42588
976,562,techrepublic.com,com,23194,41245,techrepublic.com,com,982,566,23195,41130
977,60,udel.edu,edu,23186,38203,udel.edu,edu,978,60,23245,38184
978,563,ycombinator.com,com,23170,41775,ycombinator.com,com,980,565,23206,41591
979,53,ssa.gov,gov,23162,48362,ssa.gov,gov,983,53,23179,48171
980,564,elle.com,com,23144,46916,elle.com,com,984,567,23179,46739
981,118,ampproject.org,org,23138,42037,ampproject.org,org,987,119,23133,41944
982,61,gatech.edu,edu,23121,39953,gatech.edu,edu,985,61,23174,39918
983,2,worldometers.info,info,23110,43368,worldometers.info,info,981,2,23205,43339
984,119,zh.wikipedia.org,org,23106,39609,zh.wikipedia.org,org,986,118,23152,39597
985,120,mediawiki.org,org,23086,36013,mediawiki.org,org,989,120,23118,35958
986,62,vanderbilt.edu,edu,23085,41945,vanderbilt.edu,edu,988,62,23125,41794
987,565,homedepot.com,com,23083,48767,homedepot.com,com,990,568,23108,48648
988,566,kpmg.com,com,23031,38642,kpmg.com,com,995,571,23029,38498
989,567,netdna-ssl.com,com,23027,41197,netdna-ssl.com,com,991,569,23096,41142
990,568,iubenda.com,com,22996,52387,iubenda.com,com,993,570,23042,52354
991,569,olympics.com,com,22990,41686,olympics.com,com,979,564,23244,41976
992,14,mcgill.ca,ca,22982,41417,mcgill.ca,ca,992,14,23049,41292
993,121,amnesty.org,org,22968,43882,amnesty.org,org,994,121,23029,43807
994,29,lse.ac.uk,uk,22917,40343,lse.ac.uk,uk,997,29,22979,40310
995,570,thawte.com,com,22901,33811,thawte.com,com,1001,574,22906,33817
996,571,coindesk.com,com,22895,46915,coindesk.com,com,996,572,22992,46920
997,122,gimp.org,org,22886,39543,gimp.org,org,1004,122,22888,39437
998,63,uga.edu,edu,22883,42392,uga.edu,edu,1000,64,22940,42323
999,572,wetransfer.com,com,22880,39549,wetransfer.com,com,977,563,23258,40084
1000,64,oregonstate.edu,edu,22877,42203,oregonstate.edu,edu,999,63,22944,42097